id,temp_c,rh_percent,expected_wet_bulb_c,expected_wet_bulb_f,tolerance_c
ext-T-60-RH10,-60.00,10.00,-42.258361,-44.065050,0.000010
ext-T-60-RH50,-60.00,50.00,-58.093950,-72.569110,0.000010
ext-T-60-RH90,-60.00,90.00,-60.047323,-76.085181,0.000010
ext-T-40-RH10,-40.00,10.00,-30.712228,-23.282011,0.000010
ext-T-40-RH50,-40.00,50.00,-37.960282,-36.328507,0.000010
ext-T-40-RH90,-40.00,90.00,-40.335790,-40.604422,0.000010
ext-T-25-RH10,-25.00,10.00,-22.029374,-7.652873,0.000010
ext-T-25-RH50,-25.00,50.00,-25.007032,-13.012657,0.000010
ext-T-25-RH90,-25.00,90.00,-25.557519,-14.003535,0.000010
ext-T55-RH10,55.00,10.00,27.161505,80.890708,0.000010
ext-T55-RH50,55.00,50.00,43.789076,110.820337,0.000010
ext-T55-RH90,55.00,90.00,53.243803,127.838846,0.000010
ext-T60-RH10,60.00,10.00,30.045806,86.082450,0.000010
ext-T60-RH50,60.00,50.00,48.087362,118.557252,0.000010
ext-T60-RH90,60.00,90.00,58.168585,136.703453,0.000010
ext-T70-RH10,70.00,10.00,35.813996,96.465192,0.000010
ext-T70-RH50,70.00,50.00,56.683827,134.030888,0.000010
ext-T70-RH90,70.00,90.00,68.018106,154.432591,0.000010
ext-T-100-RH5,-100.00,5.00,-58.151405,-72.672530,0.000010
ext-T-100-RH50,-100.00,50.00,-92.556448,-134.601606,0.000010
ext-T100-RH5,100.00,5.00,46.233335,115.220002,0.000010
ext-T100-RH50,100.00,50.00,82.472613,180.450703,0.000010
